Password_name,username,AssetName,password
Operating System-UnixSSH-172.17.149.54-user1,user1,user1,Lvxg%1EB
Operating System-UnixSSH-172.17.149.54-user2,user2,user2,Lvxg%2EB
Operating System-UnixSSH-172.17.149.54-user3,user3,user3,Lvxg%3EB
Operating System-UnixSSH-172.17.149.54-user4,user4,user4,Lvxg%4EB
Operating System-UnixSSH-172.17.149.54-user5,user5,user5,Lvxg%5EB
Operating System-UnixSSH-172.17.149.54-user6,user6,user6,Lvxg%6EB
Operating System-UnixSSH-172.17.149.54-user7,user7,user7,Lvxg%7EB
Operating System-UnixSSH-172.17.149.54-user8,user8,user8,Lvxg%8EB
Operating System-UnixSSH-172.17.149.54-user9,user9,user9,Lvxg%9EB
Operating System-UnixSSH-172.17.149.54-user10,user10,user10,Lvxg%10EB
